"Region","LAU1 code","LA name","SIC07 code","SIC07 Industry",1998,1999,2000,2001,2002,2003,2004,2005,2006,2007,2008,2009,2010,2011,2012,2013,2014,2015,2016,2017,2018,2019,2020,2021
"North East","E06000001","Hartlepool","All","All industries",911,968,967,993,1021,1087,1113,1196,1253,1287,1316,1367,1327,1309,1321,1532,1468,1488,1508,,,,,
"North East","E06000004","Stockton-on-Tees","All","All industries",2355,2500,2524,2592,2701,2948,3196,3385,3472,3525,3568,3690,3534,3645,3743,3649,3975,4066,4039,,,,,
"North East","E06000002","Middlesbrough","All","All industries",1524,1648,1670,1638,1746,1802,2053,2142,2222,2306,2328,2415,2441,2423,2374,2401,2454,2519,2608,,,,,
"North East","E06000003","Redcar and Cleveland","All","All industries",1385,1426,1458,1432,1534,1617,1786,1858,1876,1973,2067,2001,2033,1992,1985,2075,2068,2076,2073,,,,,
"North East","E06000005","Darlington","All","All industries",1337,1395,1431,1568,1694,1876,1938,1891,2041,2140,2200,2145,2284,2340,2361,2305,2513,2636,2576,,,,,
"North East","E06000047","County Durham","All","All industries",4683,4736,4967,5116,5401,5789,6004,6210,6675,6861,7103,7210,7325,7272,7502,7867,7920,8464,8508,,,,,
"North East","E06000057","Northumberland","All","All industries",3230,3089,3252,3292,3604,3762,3928,4095,4326,4380,4514,4353,4374,4522,4608,4678,5052,4981,5100,,,,,
"North East","E08000037","Gateshead","All","All industries",2519,2550,2615,2726,2942,3079,3328,3546,3746,3754,3883,3787,3775,4091,4076,4026,4251,4354,4372,,,,,
"North East","E08000021","Newcastle upon Tyne","All","All industries",4119,4214,4314,4651,5030,5255,5842,6239,6663,6720,6910,6639,6745,7217,7431,7270,7330,7645,7802,,,,,
"North East","E08000022","North Tyneside","All","All industries",2088,2133,2200,2295,2515,2621,2866,3012,3164,3140,3301,3259,3438,3530,3646,3695,4014,4102,4226,,,,,
"North East","E08000023","South Tyneside","All","All industries",1225,1240,1264,1312,1380,1448,1582,1688,1791,1804,1869,1808,1899,1985,2045,2093,2109,2125,2127,,,,,
"North East","E08000024","Sunderland","All","All industries",3348,3246,3413,3686,3965,4067,4440,4834,4903,5000,5026,4927,4831,4860,5174,5220,5656,5630,5735,,,,,
"North West","E07000026","Allerdale","All","All industries",1143,1138,1115,1115,1166,1247,1280,1301,1477,1494,1548,1582,1653,1692,1770,1795,1865,1911,1917,,,,,
"North West","E07000027","Barrow-in-Furness","All","All industries",926,891,861,844,897,952,988,985,1124,1149,1199,1264,1272,1308,1339,1446,1493,1726,1723,,,,,
"North West","E07000029","Copeland","All","All industries",938,931,901,871,912,1008,1045,1057,1196,1235,1329,1385,1411,1418,1462,1521,1619,1648,1713,,,,,
"North West","E07000028","Carlisle","All","All industries",1363,1383,1423,1416,1513,1713,1775,1833,2021,2064,2151,2036,2126,2051,2239,2430,2423,2548,2577,,,,,
"North West","E07000030","Eden","All","All industries",740,751,791,779,832,954,976,1006,1081,1101,1150,1034,1110,1070,1108,1127,1178,1259,1308,,,,,
"North West","E07000031","South Lakeland","All","All industries",1400,1445,1502,1557,1643,1824,1878,1906,2089,2139,2263,2078,2157,2159,2225,2289,2421,2512,2615,,,,,
"North West","E08000003","Manchester","All","All industries",7586,7955,8171,9003,9676,10133,11052,11857,12685,13457,13471,13900,14206,14088,14825,16002,16536,17247,18172,,,,,
"North West","E08000006","Salford","All","All industries",3084,3206,3304,3556,3749,3910,4269,4516,4774,5035,5135,5206,5236,5215,5445,5789,5847,6091,6265,,,,,
"North West","E08000009","Trafford","All","All industries",4093,4302,4465,4774,5054,5269,5512,5774,6046,6310,6427,6462,6637,6684,6868,7333,7512,7889,8112,,,,,
"North West","E08000007","Stockport","All","All industries",3843,4017,4198,4449,4705,4870,5168,5426,5665,5970,6058,6140,6218,6151,6335,6321,6122,6228,6414,,,,,
"North West","E08000008","Tameside","All","All industries",2338,2427,2531,2607,2727,2777,2921,3120,3207,3353,3442,3371,3341,3294,3380,3460,3340,3378,3441,,,,,
"North West","E08000001","Bolton","All","All industries",2856,2939,2945,3055,3221,3394,3486,3799,3982,4138,4238,4161,4181,4193,4348,4530,4529,4672,4906,,,,,
"North West","E08000010","Wigan","All","All industries",2887,2960,3002,3115,3285,3501,3550,3872,4042,4191,4281,4129,4285,4179,4378,4560,4641,4903,5114,,,,,
"North West","E08000002","Bury","All","All industries",1955,2018,2066,2140,2252,2448,2453,2669,2790,2895,2905,2842,2918,2954,3057,3191,3188,3396,3623,,,,,
"North West","E08000004","Oldham","All","All industries",2339,2396,2378,2458,2549,2673,2730,2954,3104,3202,3249,3122,3200,3276,3413,3579,3515,3874,4047,,,,,
"North West","E08000005","Rochdale","All","All industries",2126,2209,2222,2292,2390,2508,2572,2779,2895,3032,3043,2959,2975,2954,3151,3215,3347,3430,3581,,,,,
"North West","E06000008","Blackburn with Darwen","All","All industries",1649,1730,1751,1738,1830,1958,2123,2155,2196,2381,2415,2282,2249,2414,2524,2613,2742,2817,2933,,,,,
"North West","E06000009","Blackpool","All","All industries",1542,1667,1650,1673,1849,1842,1914,1988,2078,2065,1966,1999,2094,2140,2140,2136,2192,2328,2314,,,,,
"North West","E07000121","Lancaster","All","All industries",1445,1493,1496,1549,1614,1812,1970,2055,2158,2285,2268,2124,2143,2187,2293,2408,2525,2544,2504,,,,,
"North West","E07000128","Wyre","All","All industries",994,1033,1059,1110,1174,1257,1336,1360,1400,1485,1494,1431,1505,1485,1475,1449,1517,1606,1577,,,,,
"North West","E07000119","Fylde","All","All industries",1374,1433,1498,1507,1579,1669,1782,1845,1895,1980,1969,1852,1978,1832,1931,2105,2154,2511,2579,,,,,
"North West","E07000123","Preston","All","All industries",1802,1872,1952,2066,2195,2390,2612,2724,2836,3052,3063,3109,3192,3095,3152,3161,3162,3417,3593,,,,,
"North West","E07000124","Ribble Valley","All","All industries",1133,1185,1149,1191,1258,1399,1438,1447,1461,1561,1635,1506,1532,1573,1588,1689,1696,2165,2177,,,,,
"North West","E07000126","South Ribble","All","All industries",1320,1376,1410,1457,1594,1709,1798,1847,1903,2030,2027,2004,2052,2348,2386,2446,2546,2756,2880,,,,,
"North West","E07000117","Burnley","All","All industries",1027,1067,1069,1101,1119,1216,1284,1325,1382,1455,1412,1318,1423,1476,1544,1539,1666,1685,1753,,,,,
"North West","E07000120","Hyndburn","All","All industries",877,920,929,960,1029,1063,1179,1214,1222,1284,1240,1154,1177,1212,1285,1314,1365,1366,1401,,,,,
"North West","E07000122","Pendle","All","All industries",1114,1153,1175,1207,1259,1362,1422,1457,1508,1558,1479,1357,1401,1446,1574,1615,1565,1589,1660,,,,,
"North West","E07000125","Rossendale","All","All industries",763,786,802,826,903,993,1068,1078,1062,1109,1070,1006,1065,1086,1106,1175,1249,1234,1219,,,,,
"North West","E07000118","Chorley","All","All industries",1070,1111,1154,1213,1312,1439,1531,1555,1602,1692,1669,1627,1681,1693,1733,1719,1799,1792,1845,,,,,
"North West","E07000127","West Lancashire","All","All industries",1437,1492,1503,1572,1652,1787,1909,1944,1986,2087,2035,1933,1997,2044,2126,2155,2274,2347,2386,,,,,
"North West","E06000007","Warrington","All","All industries",3278,3455,3647,4050,4262,4473,4514,5000,5378,5585,5357,5341,5593,5705,5995,6022,6371,6167,6598,,,,,
"North West","E06000049","Cheshire East","All","All industries",5921,6190,6158,7036,7285,7459,7833,8158,8758,9295,9269,9421,9621,9942,10511,11436,11933,12245,13063,,,,,
"North West","E06000050","Cheshire West and Chester","All","All industries",5005,5303,5289,5948,6217,6367,6678,7044,7619,8120,8030,8273,8146,8228,8280,8460,9045,9227,9677,,,,,
"North West","E06000006","Halton","All","All industries",1596,1675,1714,1924,1962,2120,2177,2274,2447,2485,2649,2672,2884,3007,3003,3055,3283,3192,3244,,,,,
"North West","E08000011","Knowsley","All","All industries",1607,1701,1757,1927,1992,2187,2235,2369,2503,2574,2688,2674,2862,2847,2834,3125,3471,3861,3999,,,,,
"North West","E08000013","St. Helens","All","All industries",1595,1704,1764,1953,2060,2208,2316,2453,2644,2704,2764,2758,2802,2846,2894,2703,2852,3038,3072,,,,,
"North West","E08000012","Liverpool","All","All industries",5688,6146,6289,6542,6973,7754,7955,8435,9423,9524,9807,10970,10710,10322,10402,10428,11038,11263,11334,,,,,
"North West","E08000014","Sefton","All","All industries",2853,3077,3092,3275,3557,3600,3895,3873,4083,4073,4139,4126,4158,4100,4066,4027,4104,4230,4314,,,,,
"North West","E08000015","Wirral","All","All industries",3026,3126,3157,3314,3498,3846,3839,3954,4168,4191,4325,4236,4256,4419,4406,4447,4584,4791,4895,,,,,
"Yorkshire and The Humber","E06000010","Kingston upon Hull, City of","All","All industries",2920,2965,3304,3387,3597,3970,4103,4235,4649,4885,4850,4989,4739,4782,4882,4922,5016,5204,5336,,,,,
"Yorkshire and The Humber","E06000011","East Riding of Yorkshire","All","All industries",3536,3517,3734,4001,4327,4560,4972,5041,5335,5458,5616,5760,5494,5355,5564,5642,5755,5930,6062,,,,,
"Yorkshire and The Humber","E06000012","North East Lincolnshire","All","All industries",1895,1854,1866,1993,2116,2239,2336,2512,2674,2871,2871,2998,2828,2853,2830,2902,3118,3144,3114,,,,,
"Yorkshire and The Humber","E06000013","North Lincolnshire","All","All industries",2603,2464,2487,2593,2833,3009,2948,3211,3472,3738,3720,4032,3810,3730,3603,3453,3492,3919,3866,,,,,
"Yorkshire and The Humber","E06000014","York","All","All industries",2913,2906,3058,3319,3613,3912,4174,4196,4252,4541,4532,4376,4349,4502,4536,4663,4789,4681,4815,,,,,
"Yorkshire and The Humber","E07000163","Craven","All","All industries",760,767,784,821,915,1008,1074,1141,1179,1286,1292,1238,1181,1227,1231,1268,1366,1381,1447,,,,,
"Yorkshire and The Humber","E07000164","Hambleton","All","All industries",1158,1154,1225,1304,1431,1525,1572,1635,1686,1755,1834,1735,1763,1882,1858,1954,2023,1988,2016,,,,,
"Yorkshire and The Humber","E07000165","Harrogate","All","All industries",2057,2135,2245,2368,2635,2828,2893,3030,3123,3338,3391,3170,3349,3466,3402,3624,3662,3704,3875,,,,,
"Yorkshire and The Humber","E07000166","Richmondshire","All","All industries",503,515,527,545,596,645,682,688,715,748,778,738,812,818,879,872,956,937,899,,,,,
"Yorkshire and The Humber","E07000167","Ryedale","All","All industries",626,649,682,724,791,850,873,917,947,978,1000,942,986,1010,1019,1082,1150,1170,1235,,,,,
"Yorkshire and The Humber","E07000168","Scarborough","All","All industries",1212,1207,1254,1307,1442,1560,1652,1711,1748,1811,1880,1790,1790,1881,1855,1986,2053,2000,2059,,,,,
"Yorkshire and The Humber","E07000169","Selby","All","All industries",1156,1128,1233,1307,1385,1439,1394,1478,1620,1642,1634,1664,1616,1707,1808,1867,1823,1870,1930,,,,,
"Yorkshire and The Humber","E08000016","Barnsley","All","All industries",2005,1948,2032,2127,2277,2433,2624,2721,2868,3129,2992,2833,2968,3039,3114,3314,3400,3523,3636,,,,,
"Yorkshire and The Humber","E08000017","Doncaster","All","All industries",2734,2695,2846,3001,3259,3476,3760,3852,4103,4472,4286,4093,4346,4326,4455,4630,4747,5145,5177,,,,,
"Yorkshire and The Humber","E08000018","Rotherham","All","All industries",2475,2419,2568,2720,2943,3117,3308,3456,3654,3982,3770,3619,3804,3821,3924,4063,4185,4371,4529,,,,,
"Yorkshire and The Humber","E08000019","Sheffield","All","All industries",6520,6387,6640,7263,7831,8030,8499,8835,9262,10108,9931,9873,10032,10233,10629,10869,10936,11280,11433,,,,,
"Yorkshire and The Humber","E08000032","Bradford","All","All industries",5700,6092,6206,6263,6629,6816,7032,7275,7822,8429,8327,8516,8157,8384,8627,8924,9206,9755,9925,,,,,
"Yorkshire and The Humber","E08000035","Leeds","All","All industries",11459,12066,12442,13148,13953,14760,15980,17157,17897,18804,18869,18490,18327,19115,19035,19687,20320,21481,21951,,,,,
"Yorkshire and The Humber","E08000033","Calderdale","All","All industries",2482,2544,2572,2623,2717,2972,3271,3500,3577,3774,3737,3671,3845,3931,4047,4138,4215,4428,4507,,,,,
"Yorkshire and The Humber","E08000034","Kirklees","All","All industries",4372,4580,4642,4723,4841,5185,5523,5764,5963,6244,6227,6071,6134,6382,6678,6683,6915,7209,7426,,,,,
"Yorkshire and The Humber","E08000036","Wakefield","All","All industries",3753,3982,4047,4143,4313,4647,4942,5143,5332,5562,5627,5536,5760,5817,6124,6390,6455,6770,6957,,,,,
"East Midlands","E06000015","Derby","All","All industries",3563,3928,4076,4148,4420,4365,4725,5073,5171,5364,5481,5452,5713,5964,6165,6412,6491,6712,6973,,,,,
"East Midlands","E07000033","Bolsover","All","All industries",715,720,723,736,783,851,871,912,971,1023,1033,994,1015,1200,1226,1396,1417,1537,1549,,,,,
"East Midlands","E07000034","Chesterfield","All","All industries",1025,1065,1089,1148,1240,1341,1393,1480,1584,1666,1666,1648,1746,1852,1929,2041,2074,2136,2192,,,,,
"East Midlands","E07000038","North East Derbyshire","All","All industries",843,864,876,894,958,1013,1039,1105,1169,1223,1216,1147,1212,1318,1331,1358,1451,1452,1474,,,,,
"East Midlands","E07000032","Amber Valley","All","All industries",1539,1563,1512,1561,1631,1759,1895,1983,2095,2122,2124,1967,2100,2195,2239,2452,2493,2585,2641,,,,,
"East Midlands","E07000039","South Derbyshire","All","All industries",975,1005,967,981,1031,1091,1173,1231,1276,1291,1314,1190,1305,1410,1497,1681,1633,1578,1655,,,,,
"East Midlands","E07000035","Derbyshire Dales","All","All industries",1007,1035,1009,1069,1113,1184,1253,1312,1387,1423,1431,1331,1472,1520,1562,1581,1633,1596,1710,,,,,
"East Midlands","E07000036","Erewash","All","All industries",1146,1168,1114,1164,1224,1302,1401,1464,1537,1552,1563,1456,1532,1668,1698,1785,1779,1828,1923,,,,,
"East Midlands","E07000037","High Peak","All","All industries",994,1017,989,1028,1065,1121,1233,1277,1334,1363,1391,1255,1343,1496,1496,1565,1600,1702,1778,,,,,
"East Midlands","E06000018","Nottingham","All","All industries",5308,5051,5217,5447,5669,5823,6444,6732,6654,6934,7276,7535,7670,7726,7837,7820,8313,8536,8911,,,,,
"East Midlands","E07000170","Ashfield","All","All industries",1245,1294,1337,1317,1368,1440,1525,1647,1726,1830,1861,1775,1843,1983,2038,2103,2175,2182,2225,,,,,
"East Midlands","E07000171","Bassetlaw","All","All industries",1260,1307,1353,1358,1409,1466,1562,1663,1745,1833,1872,1816,1826,2022,2037,2079,2184,2276,2348,,,,,
"East Midlands","E07000174","Mansfield","All","All industries",921,945,972,995,1051,1117,1181,1313,1371,1480,1504,1446,1456,1484,1506,1515,1611,1647,1727,,,,,
"East Midlands","E07000175","Newark and Sherwood","All","All industries",1263,1291,1354,1368,1451,1542,1610,1708,1791,1871,1919,1836,1881,2053,2046,2103,2247,2261,2364,,,,,
"East Midlands","E07000172","Broxtowe","All","All industries",1121,1196,1281,1289,1362,1421,1451,1631,1700,1697,1674,1646,1614,1683,1725,1965,1904,1979,2001,,,,,
"East Midlands","E07000173","Gedling","All","All industries",966,1020,1090,1114,1188,1223,1221,1346,1419,1419,1401,1400,1363,1377,1411,1547,1610,1684,1712,,,,,
"East Midlands","E07000176","Rushcliffe","All","All industries",1229,1317,1419,1427,1526,1536,1538,1697,1779,1823,1791,1808,1832,1760,1870,1956,2183,2155,2220,,,,,
"East Midlands","E06000016","Leicester","All","All industries",4111,4166,4325,4431,4708,4991,5236,5476,5823,5836,5963,5973,6041,6229,6585,6751,7132,7697,7745,,,,,
"East Midlands","E07000129","Blaby","All","All industries",1285,1220,1350,1400,1459,1585,1747,1904,2068,2254,2151,2179,2120,2180,2308,2420,2598,2636,2709,,,,,
"East Midlands","E07000130","Charnwood","All","All industries",1871,1778,1894,1959,2012,2181,2284,2416,2606,2757,2796,2749,2809,2767,2889,2972,3221,3263,3357,,,,,
"East Midlands","E07000131","Harborough","All","All industries",1113,1084,1139,1171,1226,1342,1368,1457,1586,1686,1686,1643,1730,1742,1775,1839,1945,1991,2023,,,,,
"East Midlands","E07000132","Hinckley and Bosworth","All","All industries",1283,1229,1316,1346,1365,1478,1568,1704,1783,1906,1938,1958,1988,2017,2168,2204,2368,2412,2496,,,,,
"East Midlands","E07000133","Melton","All","All industries",771,703,763,801,809,829,905,915,966,1004,1051,983,1036,1074,1103,1161,1158,1232,1234,,,,,
"East Midlands","E07000134","North West Leicestershire","All","All industries",1477,1390,1520,1570,1609,1746,1831,1949,2085,2211,2196,2131,2209,2213,2385,2478,2672,2942,2976,,,,,
"East Midlands","E07000135","Oadby and Wigston","All","All industries",604,576,611,625,633,694,711,753,805,839,848,828,851,867,856,825,819,879,927,,,,,
"East Midlands","E06000017","Rutland","All","All industries",464,443,478,491,504,537,566,596,647,676,703,676,725,716,715,706,751,786,804,,,,,
"East Midlands","E07000151","Daventry","All","All industries",1157,1166,1272,1288,1341,1340,1399,1436,1527,1609,1691,1583,1681,1691,1747,1853,1944,1987,2152,,,,,
"East Midlands","E07000154","Northampton","All","All industries",3061,3249,3500,3546,3612,3937,4136,4401,4775,5214,5139,5168,5413,5295,5544,5781,6006,6019,6305,,,,,
"East Midlands","E07000155","South Northamptonshire","All","All industries",933,1023,1128,1122,1136,1210,1215,1231,1332,1400,1444,1389,1489,1467,1574,1639,1739,1820,1872,,,,,
"East Midlands","E07000150","Corby","All","All industries",790,815,869,871,897,955,963,1016,1098,1172,1232,1178,1266,1227,1223,1343,1348,1401,1515,,,,,
"East Midlands","E07000152","East Northamptonshire","All","All industries",866,912,990,982,1004,1068,1103,1149,1212,1291,1310,1257,1350,1327,1288,1291,1234,1445,1477,,,,,
"East Midlands","E07000153","Kettering","All","All industries",1123,1191,1265,1275,1310,1382,1442,1501,1633,1766,1840,1788,1850,1850,1865,1743,1766,2145,2238,,,,,
"East Midlands","E07000156","Wellingborough","All","All industries",829,884,962,965,986,1043,1069,1153,1269,1350,1356,1358,1365,1355,1370,1799,1878,1512,1626,,,,,
"East Midlands","E07000136","Boston","All","All industries",721,729,760,817,857,926,901,920,968,1009,1059,1016,1070,1126,1204,1307,1368,1343,1377,,,,,
"East Midlands","E07000137","East Lindsey","All","All industries",1284,1293,1356,1463,1528,1646,1616,1684,1783,1839,1915,1822,1845,1951,2023,2090,2107,2171,2234,,,,,
"East Midlands","E07000138","Lincoln","All","All industries",1154,1190,1240,1368,1433,1570,1540,1638,1757,1863,1951,1913,1934,1920,2009,2165,2255,2185,2175,,,,,
"East Midlands","E07000139","North Kesteven","All","All industries",1288,1277,1314,1403,1420,1553,1514,1503,1593,1666,1796,1640,1740,1746,1792,1806,1905,1818,1873,,,,,
"East Midlands","E07000140","South Holland","All","All industries",928,934,998,1064,1116,1226,1150,1212,1268,1321,1371,1294,1340,1415,1502,1565,1583,1656,1709,,,,,
"East Midlands","E07000141","South Kesteven","All","All industries",1334,1377,1431,1565,1645,1784,1723,1822,1930,2019,2107,2029,2075,2151,2240,2389,2468,2513,2533,,,,,
"East Midlands","E07000142","West Lindsey","All","All industries",699,704,726,792,838,910,909,946,1011,1045,1089,1044,1061,1119,1143,1248,1367,1363,1331,,,,,
"West Midlands","E06000019","Herefordshire, County of","All","All industries",2116,2236,2403,2412,2440,2673,2774,2888,3097,3162,3303,3130,3218,3462,3614,3660,3857,3839,3926,,,,,
"West Midlands","E07000234","Bromsgrove","All","All industries",1040,1152,1253,1246,1258,1373,1483,1503,1588,1523,1546,1498,1516,1623,1717,1755,1885,1971,2261,,,,,
"West Midlands","E07000235","Malvern Hills","All","All industries",841,935,1002,1001,1029,1106,1184,1203,1277,1243,1248,1196,1239,1274,1328,1374,1457,1493,1545,,,,,
"West Midlands","E07000236","Redditch","All","All industries",1007,1100,1196,1159,1135,1242,1371,1367,1461,1425,1436,1400,1425,1529,1595,1645,1703,1841,1830,,,,,
"West Midlands","E07000237","Worcester","All","All industries",1351,1467,1598,1574,1582,1743,1899,1937,2044,1987,2023,1969,2047,2209,2295,2490,2561,2668,2749,,,,,
"West Midlands","E07000238","Wychavon","All","All industries",1447,1589,1738,1748,1725,1878,2018,2013,2137,2088,2097,2025,2113,2249,2309,2435,2534,2715,2820,,,,,
"West Midlands","E07000239","Wyre Forest","All","All industries",924,1012,1071,1071,1071,1186,1284,1287,1359,1322,1339,1319,1346,1402,1456,1478,1569,1658,1678,,,,,
"West Midlands","E07000218","North Warwickshire","All","All industries",1298,1289,1309,1298,1367,1416,1419,1482,1603,1577,1633,1529,1632,1762,1876,1931,2215,2347,2483,,,,,
"West Midlands","E07000219","Nuneaton and Bedworth","All","All industries",1163,1190,1234,1252,1283,1310,1377,1480,1580,1582,1660,1616,1650,1824,1865,2087,2076,2109,2191,,,,,
"West Midlands","E07000220","Rugby","All","All industries",1211,1251,1306,1320,1397,1416,1472,1592,1731,1733,1841,1781,1886,2005,2132,2166,2287,2353,2450,,,,,
"West Midlands","E07000221","Stratford-on-Avon","All","All industries",1872,1921,1990,2046,2132,2167,2188,2402,2645,2696,2789,2655,2867,3025,3213,3573,4109,4136,4281,,,,,
"West Midlands","E07000222","Warwick","All","All industries",2592,2721,2635,2640,2900,3219,3210,3342,3656,3634,3779,3749,3877,3990,4324,4780,4801,5142,5466,,,,,
"West Midlands","E06000020","Telford and Wrekin","All","All industries",2396,2336,2324,2407,2599,2624,2801,2921,3042,3155,3192,3009,3065,3273,3477,3507,3572,3722,3848,,,,,
"West Midlands","E06000051","Shropshire","All","All industries",3347,3481,3559,3693,3989,4366,4602,4763,4754,4904,5226,5149,5228,5496,5582,5820,6011,6060,6236,,,,,
"West Midlands","E06000021","Stoke-on-Trent","All","All industries",3065,3024,3051,3048,3084,3259,3451,3562,3713,3705,3909,3778,4050,4307,4510,4614,4730,4968,5219,,,,,
"West Midlands","E07000192","Cannock Chase","All","All industries",982,972,1026,1088,1155,1168,1257,1330,1402,1429,1434,1354,1349,1426,1429,1516,1622,1702,1817,,,,,
"West Midlands","E07000193","East Staffordshire","All","All industries",1754,1728,1761,1859,1981,1997,2154,2288,2299,2443,2551,2302,2454,2644,2469,2571,2577,2727,2780,,,,,
"West Midlands","E07000194","Lichfield","All","All industries",1195,1216,1269,1342,1448,1482,1578,1635,1723,1772,1844,1712,1741,1818,1814,1884,2089,2219,2378,,,,,
"West Midlands","E07000195","Newcastle-under-Lyme","All","All industries",1200,1201,1238,1303,1391,1442,1582,1692,1737,1813,1881,1773,1784,1890,1897,1879,1909,2030,2093,,,,,
"West Midlands","E07000196","South Staffordshire","All","All industries",1094,1083,1118,1173,1262,1277,1336,1377,1435,1481,1535,1410,1506,1520,1526,1603,1644,1775,1884,,,,,
"West Midlands","E07000197","Stafford","All","All industries",1668,1643,1711,1803,1922,1974,2092,2184,2288,2366,2453,2285,2324,2409,2372,2483,2513,2598,2709,,,,,
"West Midlands","E07000198","Staffordshire Moorlands","All","All industries",1006,1002,1015,1051,1105,1128,1239,1288,1384,1408,1441,1379,1387,1379,1372,1444,1560,1545,1576,,,,,
"West Midlands","E07000199","Tamworth","All","All industries",747,747,779,824,869,893,976,1027,1075,1105,1128,1067,1101,1136,1192,1221,1277,1319,1358,,,,,
"West Midlands","E08000025","Birmingham","All","All industries",14099,14522,14868,15723,16018,16969,17729,18417,18918,20160,20446,20193,20849,21386,21697,22668,23864,24665,25720,,,,,
"West Midlands","E08000029","Solihull","All","All industries",3601,3647,3652,3827,4141,4420,4549,4785,5019,5282,5065,4862,5001,5064,5468,5645,6130,6630,6988,,,,,
"West Midlands","E08000026","Coventry","All","All industries",4584,4736,4880,4966,5210,5304,5617,5945,5955,5918,5894,5734,6021,6096,6523,7041,7620,7998,8185,,,,,
"West Midlands","E08000027","Dudley","All","All industries",3536,3552,3700,3737,4032,3949,4155,4338,4516,4711,4718,4407,4435,4449,4471,4529,4786,4862,4954,,,,,
"West Midlands","E08000028","Sandwell","All","All industries",3771,3641,3806,3839,4065,4009,4228,4366,4635,4923,4902,4690,4931,4897,5186,5307,5737,5657,5855,,,,,
"West Midlands","E08000030","Walsall","All","All industries",2874,2931,3040,3025,3086,3054,3318,3483,3591,3638,3648,3579,3842,3976,4053,4203,4524,4604,4708,,,,,
"West Midlands","E08000031","Wolverhampton","All","All industries",3101,3200,3321,3349,3458,3460,3754,3957,4087,4158,4135,4071,4374,4422,4529,4576,4633,4499,4603,,,,,
"East of England","E06000031","Peterborough","All","All industries",2567,2679,2732,2771,2968,3173,3434,3641,3990,4250,4188,4192,4248,4304,4567,4752,5008,5140,5439,,,,,
"East of England","E07000008","Cambridge","All","All industries",2244,2414,2608,2750,2839,2950,3076,3391,3767,3974,4009,3975,4123,4280,4613,4743,5022,5045,5127,,,,,
"East of England","E07000009","East Cambridgeshire","All","All industries",895,924,993,1045,1084,1114,1136,1195,1298,1345,1413,1354,1423,1515,1603,1664,1730,1821,1906,,,,,
"East of England","E07000010","Fenland","All","All industries",1149,1143,1195,1253,1303,1369,1411,1455,1600,1653,1769,1654,1756,1865,1969,2011,2072,2174,2288,,,,,
"East of England","E07000011","Huntingdonshire","All","All industries",2051,2177,2328,2432,2523,2599,2707,2900,3212,3328,3415,3358,3454,3523,3760,3992,4061,4222,4392,,,,,
"East of England","E07000012","South Cambridgeshire","All","All industries",2185,2292,2464,2609,2669,2726,2795,2982,3288,3442,3558,3428,3548,3744,3828,3963,4117,4405,4591,,,,,
"East of England","E07000200","Babergh","All","All industries",1091,1065,1170,1186,1259,1294,1308,1337,1409,1432,1512,1448,1531,1588,1654,1713,1808,1853,1913,,,,,
"East of England","E07000201","Forest Heath","All","All industries",766,762,837,854,878,929,958,981,1033,1065,1127,1080,1121,1127,1154,1190,1258,1240,1313,,,,,
"East of England","E07000202","Ipswich","All","All industries",1707,1684,1855,1922,2000,2175,2359,2499,2756,2839,2865,2810,2777,2838,2904,3094,3127,3283,3361,,,,,
"East of England","E07000205","Suffolk Coastal","All","All industries",1745,1757,1943,1991,2071,2169,2172,2247,2418,2482,2574,2454,2508,2581,2674,2754,2973,2936,3026,,,,,
"East of England","E07000206","Waveney","All","All industries",1364,1318,1458,1484,1579,1653,1693,1751,1871,1899,1990,1934,1928,1967,2008,2115,2123,2145,2186,,,,,
"East of England","E07000203","Mid Suffolk","All","All industries",1121,1111,1225,1230,1320,1360,1410,1442,1546,1572,1647,1603,1650,1711,1743,1860,1907,2000,2071,,,,,
"East of England","E07000204","St Edmundsbury","All","All industries",1584,1545,1717,1773,1888,1965,2013,2088,2258,2291,2347,2281,2366,2511,2541,2796,2862,2839,2969,,,,,
"East of England","E07000144","Broadland","All","All industries",1565,1577,1607,1625,1675,1801,1940,2186,2363,2371,2348,2364,2293,2274,2336,2429,2467,2493,2574,,,,,
"East of England","E07000145","Great Yarmouth","All","All industries",997,1051,1094,1138,1199,1260,1351,1441,1536,1540,1575,1548,1549,1570,1695,1708,1743,1759,1813,,,,,
"East of England","E07000148","Norwich","All","All industries",1890,1974,2054,2149,2251,2406,2582,2845,3089,3089,3065,3080,3019,3060,3276,3434,3527,3606,3686,,,,,
"East of England","E07000147","North Norfolk","All","All industries",1145,1203,1253,1297,1368,1423,1478,1526,1573,1578,1647,1543,1554,1609,1639,1724,1804,1799,1899,,,,,
"East of England","E07000146","King's Lynn and West Norfolk","All","All industries",1583,1681,1765,1818,1880,1984,2074,2137,2213,2221,2317,2273,2305,2362,2480,2579,2637,2756,2882,,,,,
"East of England","E07000143","Breckland","All","All industries",1331,1364,1443,1466,1525,1621,1673,1723,1799,1811,1948,1949,1996,2056,2232,2284,2454,2508,2564,,,,,
"East of England","E07000149","South Norfolk","All","All industries",1194,1285,1344,1408,1465,1534,1603,1697,1804,1806,1881,1911,1989,2173,2323,2368,2434,2531,2597,,,,,
"East of England","E06000032","Luton","All","All industries",2643,2852,2930,3097,3236,3433,3384,3747,4095,4497,4911,4526,4336,4185,4099,4364,4715,4997,5276,,,,,
"East of England","E07000095","Broxbourne","All","All industries",1366,1447,1564,1584,1618,1729,1762,1882,1860,1923,2070,2007,1967,2016,2018,2228,2243,2220,2289,,,,,
"East of England","E07000096","Dacorum","All","All industries",2145,2306,2459,2522,2600,2790,2882,3040,3011,3092,3323,3210,3206,3106,3224,3709,3784,3979,4127,,,,,
"East of England","E07000242","East Hertfordshire","All","All industries",2137,2281,2430,2504,2552,2715,2763,2990,2968,3056,3354,3229,3137,3156,3170,3443,3642,3667,3802,,,,,
"East of England","E07000098","Hertsmere","All","All industries",1751,1877,1984,2025,2093,2213,2287,2488,2457,2530,2670,2607,2623,2685,2809,2919,3148,3347,3463,,,,,
"East of England","E07000099","North Hertfordshire","All","All industries",1912,2029,2185,2224,2279,2433,2457,2676,2683,2743,2940,2833,2839,2788,2858,3164,3233,3448,3605,,,,,
"East of England","E07000243","Stevenage","All","All industries",1499,1590,1686,1704,1748,1876,1913,2083,2079,2113,2278,2242,2184,2150,2179,2294,2323,2394,2478,,,,,
"East of England","E07000102","Three Rivers","All","All industries",1509,1621,1692,1754,1842,1985,2033,2150,2110,2191,2332,2195,2248,2189,2254,2310,2846,3140,3159,,,,,
"East of England","E07000103","Watford","All","All industries",1792,1908,2076,2172,2248,2398,2480,2623,2621,2708,2871,2759,2806,2751,2806,3187,3432,3847,4117,,,,,
"East of England","E07000240","St Albans","All","All industries",2425,2566,2767,2812,2889,3080,3129,3377,3379,3521,3774,3709,3670,3614,3639,3837,4053,4319,4261,,,,,
"East of England","E07000241","Welwyn Hatfield","All","All industries",2189,2328,2515,2569,2686,2836,2902,3115,3134,3222,3400,3334,3344,3318,3318,3517,3996,3812,4237,,,,,
"East of England","E06000055","Bedford","All","All industries",2035,2033,2188,2247,2363,2584,2733,2865,2935,3118,3170,3163,3179,3284,3224,3418,3651,3940,4032,,,,,
"East of England","E06000056","Central Bedfordshire","All","All industries",3053,3057,3290,3350,3535,3763,3947,4084,4136,4418,4505,4285,4294,4474,4587,5104,5419,5487,5673,,,,,
"East of England","E06000033","Southend-on-Sea","All","All industries",1924,1965,2060,2152,2288,2402,2412,2451,2538,2659,2778,2737,2784,2694,2794,2823,3005,3082,3197,,,,,
"East of England","E06000034","Thurrock","All","All industries",2251,2127,2138,2191,2294,2649,2852,2793,2870,2708,2759,2822,2806,2995,2742,2913,3075,3255,3497,,,,,
"East of England","E07000067","Braintree","All","All industries",1675,1673,1778,1876,1944,2127,2137,2249,2330,2457,2487,2316,2482,2488,2535,2574,2800,2965,3107,,,,,
"East of England","E07000071","Colchester","All","All industries",2076,2101,2223,2392,2486,2763,2826,2995,3151,3325,3302,3177,3408,3377,3487,3547,3751,3762,3939,,,,,
"East of England","E07000076","Tendring","All","All industries",1191,1214,1293,1388,1420,1584,1606,1698,1760,1844,1875,1759,1848,1813,1891,2001,2006,2060,2149,,,,,
"East of England","E07000072","Epping Forest","All","All industries",1647,1682,1759,1927,2008,2230,2199,2327,2404,2557,2662,2442,2638,2639,2693,2689,2990,3108,3289,,,,,
"East of England","E07000073","Harlow","All","All industries",1097,1084,1162,1243,1278,1391,1421,1501,1559,1644,1683,1566,1695,1629,1697,1749,1840,1936,1986,,,,,
"East of England","E07000077","Uttlesford","All","All industries",1223,1230,1312,1418,1459,1597,1614,1694,1738,1817,1884,1742,1889,1884,1960,1990,2248,2443,2562,,,,,
"East of England","E07000068","Brentwood","All","All industries",1151,1143,1200,1300,1342,1525,1511,1620,1703,1844,1793,1824,1703,1750,1800,1903,1955,2182,2232,,,,,
"East of England","E07000070","Chelmsford","All","All industries",2136,2176,2293,2481,2577,2840,2883,3045,3207,3385,3495,3477,3706,3669,3758,3825,3919,4105,4326,,,,,
"East of England","E07000074","Maldon","All","All industries",688,682,726,766,788,840,854,895,934,963,1021,953,1010,1007,1052,1051,1116,1130,1195,,,,,
"East of England","E07000066","Basildon","All","All industries",2393,2397,2527,2693,2773,3055,3112,3303,3445,3658,3719,3521,3667,3657,3790,3932,3958,4110,4162,,,,,
"East of England","E07000069","Castle Point","All","All industries",687,707,747,802,828,908,925,978,1004,1056,1097,1036,1078,1069,1141,1138,1162,1229,1236,,,,,
"East of England","E07000075","Rochford","All","All industries",762,771,818,875,893,981,991,1048,1080,1128,1172,1107,1155,1158,1220,1240,1319,1374,1391,,,,,
"London","E09000001","City of London","All","All industries",16098,16073,17827,18378,19701,22364,24574,28656,31384,35639,34122,36603,38037,39487,39712,41845,45932,44971,49165,,,,,
"London","E09000007","Camden","All","All industries",11404,11978,13137,13726,14427,15341,16004,17057,17791,19482,20296,20112,20357,21723,23106,24706,27529,29945,32283,,,,,
"London","E09000033","Westminster","All","All industries",22712,23844,26064,27395,28741,30865,32213,34923,36541,39813,42073,42539,43694,44819,47311,50290,54880,55871,59057,,,,,
"London","E09000013","Hammersmith and Fulham","All","All industries",5178,5600,6083,6394,6673,7137,7464,7930,8177,8988,9509,9024,9605,9585,9991,10264,10278,10829,11296,,,,,
"London","E09000020","Kensington and Chelsea","All","All industries",5463,5816,6324,6657,6966,7333,7776,8257,8691,9684,10187,9571,9919,10204,11099,11386,11753,11504,11804,,,,,
"London","E09000032","Wandsworth","All","All industries",5205,5631,6112,6404,6678,7057,7376,7923,8454,9122,9575,8785,8921,9282,9777,10279,10332,10679,11214,,,,,
"London","E09000012","Hackney","All","All industries",3384,3620,3937,4051,4207,4446,4683,4998,5271,5723,5718,5900,6215,6706,7098,7208,7494,7404,7773,,,,,
"London","E09000025","Newham","All","All industries",2741,2860,3119,3266,3427,3651,3788,4041,4208,4556,4646,4755,4997,5258,5924,6165,6501,6850,7220,,,,,
"London","E09000030","Tower Hamlets","All","All industries",9063,9225,10238,10404,11117,12225,13457,15213,16730,19017,19421,21023,20579,22897,22494,23679,26167,27595,27857,,,,,
"London","E09000014","Haringey","All","All industries",2653,2804,2984,3167,3274,3451,3617,3841,3980,4266,4444,4253,4499,4609,4944,5117,5717,5661,5894,,,,,
"London","E09000019","Islington","All","All industries",7480,7893,8767,8965,9413,10092,10629,11478,12140,13397,14356,14222,14514,14891,15176,15750,16418,17251,18077,,,,,
"London","E09000023","Lewisham","All","All industries",2217,2339,2533,2695,2819,3005,3140,3349,3541,3765,3861,3739,4023,4078,4404,4583,4755,4950,5123,,,,,
"London","E09000028","Southwark","All","All industries",6144,6527,7229,7432,7810,8356,8772,9419,9939,10919,11360,11328,12176,12833,13371,13548,14105,14756,15214,,,,,
"London","E09000022","Lambeth","All","All industries",4205,4455,4891,5077,5334,5697,6008,6415,6699,7322,8032,8054,8284,8708,9241,9574,10544,11014,10941,,,,,
"London","E09000004","Bexley","All","All industries",2683,2823,2949,3011,3110,3308,3433,3595,3838,4094,4038,3812,3877,3943,4201,4409,4783,4792,4966,,,,,
"London","E09000011","Greenwich","All","All industries",2342,2504,2634,2674,2786,2924,3066,3239,3477,3707,3689,3496,3613,3727,3925,4084,4189,4403,4462,,,,,
"London","E09000002","Barking and Dagenham","All","All industries",2060,2146,2192,2200,2260,2327,2421,2533,2685,2844,2943,2668,2946,3023,3169,3376,3647,3735,3947,,,,,
"London","E09000016","Havering","All","All industries",2995,3197,3335,3410,3505,3735,3895,4119,4380,4690,4791,4450,4571,4670,5033,5185,5512,5700,5955,,,,,
"London","E09000026","Redbridge","All","All industries",2799,2998,3142,3234,3369,3583,3768,3969,4195,4379,4446,4047,4112,4237,4680,4755,4915,5053,5131,,,,,
"London","E09000031","Waltham Forest","All","All industries",2308,2443,2536,2627,2730,2881,3026,3176,3399,3586,3637,3318,3429,3585,3949,4225,4539,4500,4690,,,,,
"London","E09000010","Enfield","All","All industries",3572,3767,3915,3987,4166,4388,4590,4843,5197,5544,5523,5202,5358,5402,5817,5978,6293,6508,6683,,,,,
"London","E09000006","Bromley","All","All industries",4536,4849,5074,5223,5405,5768,6042,6385,6746,7068,6674,6460,6216,6294,6678,6810,7367,7290,7677,,,,,
"London","E09000008","Croydon","All","All industries",4827,5159,5418,5504,5748,6136,6420,6748,7153,7613,7617,7080,6854,6743,6952,7004,7565,7363,7727,,,,,
"London","E09000021","Kingston upon Thames","All","All industries",2606,2831,3006,3049,3154,3347,3482,3647,3875,4167,4316,4121,4190,4244,4507,4464,4858,4757,5015,,,,,
"London","E09000024","Merton","All","All industries",2684,2917,3048,3095,3171,3327,3447,3623,3836,4077,4209,3958,4130,4361,4665,5211,5399,5087,5476,,,,,
"London","E09000029","Sutton","All","All industries",2380,2547,2710,2754,2871,3041,3146,3338,3543,3780,3882,3647,3771,3922,4169,4200,4498,4263,4605,,,,,
"London","E09000003","Barnet","All","All industries",4938,5263,5618,5770,6006,6331,6581,6940,7425,7932,8168,7860,7940,8209,8617,9039,9880,10322,10524,,,,,
"London","E09000005","Brent","All","All industries",4289,4552,4844,4936,5074,5307,5452,5758,6123,6481,6642,6362,6505,6704,7416,7752,8227,8596,9071,,,,,
"London","E09000009","Ealing","All","All industries",5254,5654,6008,6092,6246,6503,6670,7000,7407,7788,7710,7032,7212,7779,8291,8699,9270,9550,9938,,,,,
"London","E09000015","Harrow","All","All industries",3075,3304,3520,3587,3765,3979,4111,4317,4582,4887,4901,4565,4633,4659,4993,5295,5719,6032,6214,,,,,
"London","E09000017","Hillingdon","All","All industries",7473,7954,8441,8515,8729,9198,9483,9903,10402,10938,10764,9972,9986,10181,10761,11575,13175,12859,13183,,,,,
"London","E09000018","Hounslow","All","All industries",4918,5356,5772,5809,6091,6278,6449,6821,7380,7872,8136,7785,7767,7863,8901,9297,10328,11557,12949,,,,,
"London","E09000027","Richmond upon Thames","All","All industries",3414,3681,3917,4023,4122,4283,4456,4674,5054,5447,5556,5113,5276,5519,5817,6507,6833,7056,7347,,,,,
"South East","E06000036","Bracknell Forest","All","All industries",2036,2231,2353,2436,2591,2724,2749,2927,3095,3168,3311,3236,3338,3441,3488,3601,3808,4002,3992,,,,,
"South East","E06000037","West Berkshire","All","All industries",4077,4425,4555,4573,4876,5147,5181,5587,5876,5964,6218,6193,6239,6436,6779,6571,6596,6863,7131,,,,,
"South East","E06000038","Reading","All","All industries",3697,3976,4140,4283,4550,4884,4920,5302,5566,5788,5905,5782,5749,6016,6246,6070,6686,7019,7224,,,,,
"South East","E06000039","Slough","All","All industries",3747,4045,4163,4168,4458,4778,4783,5180,5426,5481,5697,5600,5621,5942,6101,6346,6486,6561,6859,,,,,
"South East","E06000040","Windsor and Maidenhead","All","All industries",3111,3373,3532,3635,3868,4073,4038,4362,4518,4665,4888,4693,4610,4917,5089,5620,5577,5564,5885,,,,,
"South East","E06000041","Wokingham","All","All industries",2972,3270,3423,3433,3658,3893,3938,4204,4415,4513,4665,4673,4681,4861,5053,5408,5711,5914,6294,,,,,
"South East","E06000042","Milton Keynes","All","All industries",4513,4754,5052,5384,5782,6425,6535,6562,7057,7496,8408,8122,8520,9135,9270,9615,10593,11430,12372,,,,,
"South East","E07000004","Aylesbury Vale","All","All industries",2746,2757,2951,2964,3036,3200,3405,3459,3611,3680,3959,3976,3910,3980,4286,4313,4589,4763,4911,,,,,
"South East","E07000005","Chiltern","All","All industries",1556,1586,1707,1750,1755,1846,1940,1932,2024,2051,2255,2184,2123,2188,2305,2391,2498,2683,2702,,,,,
"South East","E07000006","South Bucks","All","All industries",1397,1419,1524,1530,1558,1661,1716,1719,1816,1877,2007,1976,2006,2053,2208,2381,2491,2634,2690,,,,,
"South East","E07000007","Wycombe","All","All industries",3296,3347,3605,3610,3685,3891,4074,4113,4277,4364,4623,4594,4698,4858,5117,5164,5388,5588,5794,,,,,
"South East","E07000177","Cherwell","All","All industries",2347,2515,2676,2751,2918,3166,3153,3302,3385,3483,3675,3716,3659,3796,4063,4171,4435,4623,4874,,,,,
"South East","E07000178","Oxford","All","All industries",2959,3133,3333,3478,3768,4104,4185,4286,4479,4630,4978,5049,5180,5349,5564,5655,6190,6606,6750,,,,,
"South East","E07000179","South Oxfordshire","All","All industries",1871,2010,2132,2184,2313,2486,2460,2563,2683,2790,2912,2930,3048,3188,3292,3592,3738,3912,3993,,,,,
"South East","E07000180","Vale of White Horse","All","All industries",1938,2052,2215,2283,2410,2588,2565,2684,2773,2920,3032,3014,3108,3233,3383,3506,3743,3842,3978,,,,,
"South East","E07000181","West Oxfordshire","All","All industries",1609,1687,1778,1801,1923,2043,2063,2145,2202,2275,2425,2339,2451,2596,2678,2762,2886,3064,3181,,,,,
"South East","E06000043","Brighton and Hove","All","All industries",3460,3515,3743,4027,4400,4585,4654,5005,5229,5515,5880,5687,5762,5861,6157,6553,6889,7251,7349,,,,,
"South East","E07000061","Eastbourne","All","All industries",1118,1140,1210,1248,1328,1390,1456,1528,1629,1620,1769,1714,1716,1747,1729,1763,1742,1914,1944,,,,,
"South East","E07000062","Hastings","All","All industries",916,937,987,1008,1090,1132,1174,1224,1298,1292,1427,1359,1396,1443,1472,1525,1568,1634,1682,,,,,
"South East","E07000063","Lewes","All","All industries",1076,1099,1171,1220,1276,1314,1372,1433,1543,1542,1683,1605,1611,1592,1637,1674,1789,1989,2049,,,,,
"South East","E07000064","Rother","All","All industries",937,948,989,1018,1082,1122,1158,1215,1298,1307,1440,1374,1395,1416,1463,1510,1634,1711,1729,,,,,
"South East","E07000065","Wealden","All","All industries",1674,1707,1802,1834,1934,1977,2044,2132,2315,2306,2519,2342,2423,2416,2505,2576,2671,2858,2930,,,,,
"South East","E07000207","Elmbridge","All","All industries",2236,2465,2600,2629,2686,2734,2752,2902,3142,3261,3487,3378,3470,3575,3753,4036,4258,4492,4624,,,,,
"South East","E07000209","Guildford","All","All industries",2701,3021,3179,3177,3298,3456,3479,3658,4004,4166,4427,4296,4445,4524,4798,4964,5303,5243,5505,,,,,
"South East","E07000214","Surrey Heath","All","All industries",2000,2222,2286,2207,2268,2422,2327,2407,2557,2729,2847,2697,2869,2798,3199,3062,2945,3372,3264,,,,,
"South East","E07000216","Waverley","All","All industries",2016,2197,2296,2343,2421,2545,2535,2647,2884,2968,3194,3111,3103,3171,3295,3448,3590,3716,3809,,,,,
"South East","E07000217","Woking","All","All industries",1785,2022,2129,2122,2192,2349,2296,2446,2627,2675,2857,2786,2844,2840,3021,3063,3419,3149,3247,,,,,
"South East","E07000212","Runnymede","All","All industries",1814,1993,2074,2101,2172,2325,2250,2364,2499,2620,2771,2775,2913,2991,3105,3521,3693,4056,4276,,,,,
"South East","E07000213","Spelthorne","All","All industries",1469,1646,1711,1715,1783,1857,1830,1936,2105,2171,2317,2276,2249,2309,2403,2663,2520,2637,2763,,,,,
"South East","E07000208","Epsom and Ewell","All","All industries",1109,1205,1283,1286,1350,1421,1440,1522,1647,1726,1833,1732,1713,1747,1823,1852,1917,1992,1989,,,,,
"South East","E07000210","Mole Valley","All","All industries",1751,1965,2105,2109,2220,2287,2301,2454,2648,2774,2917,2797,2804,2937,3133,3163,3089,3408,3503,,,,,
"South East","E07000211","Reigate and Banstead","All","All industries",2412,2628,2756,2762,2890,3070,3182,3394,3678,3947,4018,3904,3914,3875,4118,4579,4615,4386,4302,,,,,
"South East","E07000215","Tandridge","All","All industries",1285,1408,1455,1460,1536,1625,1620,1680,1796,1889,2016,1892,1894,1933,1961,2050,2110,2199,2225,,,,,
"South East","E07000223","Adur","All","All industries",686,708,739,778,812,833,863,904,972,973,1006,985,998,1006,1010,1064,1055,1172,1169,,,,,
"South East","E07000224","Arun","All","All industries",1565,1606,1668,1765,1840,1899,1976,2051,2168,2171,2276,2221,2314,2290,2341,2439,2409,2502,2549,,,,,
"South East","E07000225","Chichester","All","All industries",1888,1946,2047,2132,2218,2272,2385,2485,2667,2637,2754,2722,2893,2897,2909,3003,3000,3098,3132,,,,,
"South East","E07000229","Worthing","All","All industries",1614,1640,1714,1763,1860,1934,2001,2112,2311,2309,2418,2394,2543,2457,2560,2541,2647,2582,2586,,,,,
"South East","E07000226","Crawley","All","All industries",2427,2530,2619,2698,2761,2873,2973,3082,3319,3373,3649,3720,3806,3677,3831,4157,4514,4797,4977,,,,,
"South East","E07000227","Horsham","All","All industries",1945,2056,2143,2190,2302,2333,2399,2489,2693,2688,2923,2838,2976,3017,3033,3176,3382,3531,3573,,,,,
"South East","E07000228","Mid Sussex","All","All industries",1900,1959,2054,2144,2234,2302,2385,2496,2702,2731,2968,2962,2963,2981,3173,3365,3521,3587,3622,,,,,
"South East","E06000044","Portsmouth","All","All industries",3268,3224,3404,3671,3883,3932,4156,4229,4291,4570,4714,4737,5073,4828,5043,5286,5493,5533,5719,,,,,
"South East","E06000045","Southampton","All","All industries",3789,3629,3625,3825,4146,4445,4710,4985,4957,5376,5227,5096,5017,5059,5139,5614,5978,6143,6222,,,,,
"South East","E06000046","Isle of Wight","All","All industries",1345,1412,1618,1668,1711,1750,1793,1938,2055,2086,2275,2186,2213,2256,2331,2417,2603,2712,2751,,,,,
"South East","E07000086","Eastleigh","All","All industries",1892,1962,2070,2170,2291,2321,2528,2697,2784,2984,3069,3018,3140,3284,3482,3598,3676,3821,3933,,,,,
"South East","E07000087","Fareham","All","All industries",1557,1605,1694,1773,1878,1898,2027,2130,2221,2362,2427,2379,2471,2518,2650,2659,2779,2817,2790,,,,,
"South East","E07000088","Gosport","All","All industries",709,732,770,797,847,875,930,959,1001,1045,1087,1064,1109,1106,1142,1170,1216,1216,1228,,,,,
"South East","E07000090","Havant","All","All industries",1695,1716,1815,1837,2005,2082,2151,2196,2272,2433,2466,2439,2503,2611,2687,2737,2732,3007,3042,,,,,
"South East","E07000085","East Hampshire","All","All industries",1574,1642,1715,1779,1881,1918,2022,2109,2219,2353,2520,2519,2642,2686,2753,2639,2679,2751,2845,,,,,
"South East","E07000091","New Forest","All","All industries",2382,2427,2559,2677,2861,2923,3083,3216,3405,3567,3689,3660,3837,3876,4078,4236,4215,4369,4483,,,,,
"South East","E07000093","Test Valley","All","All industries",1725,1723,1832,1888,1989,2034,2167,2250,2366,2512,2635,2664,2801,2948,3035,3064,3144,3389,3505,,,,,
"South East","E07000094","Winchester","All","All industries",2046,2106,2250,2341,2475,2517,2755,2888,3027,3264,3496,3514,3723,3835,4049,4267,4453,4706,4844,,,,,
"South East","E07000084","Basingstoke and Deane","All","All industries",2684,2767,2938,3044,3255,3351,3630,3800,3945,4267,4382,4421,4449,4652,4668,5198,5280,5123,5155,,,,,
"South East","E07000089","Hart","All","All industries",1302,1365,1520,1566,1673,1730,1938,2016,2105,2283,2393,2245,2386,2475,2518,2694,2944,2901,2842,,,,,
"South East","E07000092","Rushmoor","All","All industries",1465,1528,1626,1717,1848,1904,2081,2186,2275,2476,2513,2465,2548,2553,2682,2679,2971,3101,3097,,,,,
"South East","E06000035","Medway","All","All industries",2752,2870,2987,3068,3293,3447,3521,3715,3840,3871,4037,3946,4067,4051,4403,4565,4643,5012,5203,,,,,
"South East","E07000107","Dartford","All","All industries",1545,1604,1606,1668,1789,1897,1974,2124,2145,2274,2420,2264,2306,2463,2695,2756,2926,3121,3174,,,,,
"South East","E07000109","Gravesham","All","All industries",995,1011,1019,1063,1134,1191,1229,1308,1310,1385,1482,1370,1388,1452,1496,1558,1615,1758,1823,,,,,
"South East","E07000113","Swale","All","All industries",1536,1588,1598,1668,1770,1876,1946,2060,2075,2157,2315,2152,2304,2320,2407,2519,2625,2763,2849,,,,,
"South East","E07000106","Canterbury","All","All industries",1745,1777,1830,1930,2088,2159,2278,2404,2489,2640,2834,2679,2760,2863,2924,3021,3112,3046,3222,,,,,
"South East","E07000108","Dover","All","All industries",1235,1245,1232,1297,1379,1428,1495,1563,1602,1689,1808,1693,1688,1698,1667,1738,1735,1833,1846,,,,,
"South East","E07000112","Shepway","All","All industries",1294,1297,1293,1324,1429,1495,1570,1713,1791,1912,2034,1962,1979,2083,2041,2059,2034,2089,2104,,,,,
"South East","E07000114","Thanet","All","All industries",1457,1477,1483,1548,1640,1716,1765,1871,1914,2010,2145,1988,2037,2083,2085,2075,2081,2086,2141,,,,,
"South East","E07000105","Ashford","All","All industries",1627,1662,1655,1722,1865,1952,2043,2186,2197,2332,2452,2361,2433,2494,2615,2656,2695,2693,2876,,,,,
"South East","E07000110","Maidstone","All","All industries",2039,2068,2078,2174,2366,2495,2633,2822,2885,3059,3192,3121,3205,3259,3383,3422,3439,3645,3842,,,,,
"South East","E07000111","Sevenoaks","All","All industries",1572,1597,1611,1677,1795,1877,1943,2140,2148,2264,2389,2275,2440,2567,2673,2796,2804,3121,3204,,,,,
"South East","E07000115","Tonbridge and Malling","All","All industries",1828,1869,1878,1954,2123,2196,2317,2520,2566,2714,2889,2826,2953,3078,3093,3205,3314,3496,3690,,,,,
"South East","E07000116","Tunbridge Wells","All","All industries",1539,1586,1602,1674,1790,1872,1987,2144,2180,2282,2454,2429,2551,2547,2633,2691,3180,3174,3047,,,,,
"South West","E06000023","Bristol, City of","All","All industries",7237,7554,7708,8208,8664,8671,9117,9677,10030,10834,10979,11236,11851,11599,12201,12611,13698,13671,14313,,,,,
"South West","E06000022","Bath and North East Somerset","All","All industries",2182,2322,2495,2737,2866,3119,3225,3434,3549,3735,3908,3880,4076,4048,4265,4260,4472,4569,4805,,,,,
"South West","E06000024","North Somerset","All","All industries",2194,2296,2450,2664,2784,3031,3176,3370,3448,3611,3808,3750,3801,3823,4018,4106,4540,4634,4844,,,,,
"South West","E06000025","South Gloucestershire","All","All industries",4119,4191,4482,4884,5204,5697,5897,6302,6399,6859,7241,7082,7592,7828,7881,8180,8864,8667,9271,,,,,
"South West","E07000078","Cheltenham","All","All industries",1499,1605,1733,1835,1951,2085,2232,2232,2255,2392,2460,2490,2808,2806,3026,3043,3292,3230,3303,,,,,
"South West","E07000079","Cotswold","All","All industries",1181,1280,1388,1408,1468,1575,1658,1658,1676,1773,1813,1817,1921,1966,2092,2277,2444,2408,2544,,,,,
"South West","E07000080","Forest of Dean","All","All industries",803,842,902,939,993,1073,1130,1146,1156,1204,1250,1207,1200,1249,1295,1330,1400,1480,1519,,,,,
"South West","E07000081","Gloucester","All","All industries",1692,1759,1873,1963,2127,2411,2543,2578,2682,2888,2890,2998,2896,2906,3035,3089,3233,3329,3366,,,,,
"South West","E07000082","Stroud","All","All industries",1516,1597,1721,1769,1876,2016,2117,2140,2130,2258,2309,2231,2324,2382,2480,2477,2598,2794,2894,,,,,
"South West","E07000083","Tewkesbury","All","All industries",1328,1407,1513,1515,1600,1741,1825,1857,1857,1992,2015,1973,2134,2160,2261,2236,2525,2518,2633,,,,,
"South West","E06000030","Swindon","All","All industries",4138,4292,4336,4600,4626,4715,4891,5310,5439,5937,6029,6020,5917,6005,6167,6317,6410,6580,7017,,,,,
"South West","E06000054","Wiltshire","All","All industries",5689,5942,6253,6640,7036,7129,7472,7739,8030,8688,9138,8887,9217,9102,9397,9387,10253,10456,11009,,,,,
"South West","E06000028","Bournemouth","All","All industries",2057,2099,2272,2355,2446,2647,2740,2954,3094,3282,3426,3501,3348,3432,3580,3770,3927,4030,4145,,,,,
"South West","E06000029","Poole","All","All industries",2269,2340,2488,2525,2587,2759,2806,2993,3149,3255,3378,3376,3340,3292,3481,3469,3664,3773,3964,,,,,
"South West","E07000048","Christchurch","All","All industries",567,609,642,661,660,691,732,753,784,803,864,844,846,857,873,870,969,1009,1019,,,,,
"South West","E07000049","East Dorset","All","All industries",1048,1118,1173,1177,1200,1251,1298,1337,1381,1418,1513,1466,1500,1515,1575,1566,1661,1662,1693,,,,,
"South West","E07000050","North Dorset","All","All industries",697,761,798,808,835,862,917,948,987,1018,1096,1072,1074,1100,1142,1132,1202,1223,1233,,,,,
"South West","E07000051","Purbeck","All","All industries",612,684,739,697,720,724,741,785,768,772,911,826,828,864,904,958,917,861,879,,,,,
"South West","E07000052","West Dorset","All","All industries",1296,1409,1460,1490,1518,1585,1690,1777,1847,1919,2054,2014,1971,2017,2152,2075,2250,2286,2322,,,,,
"South West","E07000053","Weymouth and Portland","All","All industries",565,614,654,649,686,707,735,785,801,842,927,888,850,866,872,789,861,871,875,,,,,
"South West","E07000187","Mendip","All","All industries",1133,1203,1270,1297,1358,1420,1520,1612,1714,1743,1805,1742,1816,1829,1894,1963,2110,2212,2286,,,,,
"South West","E07000188","Sedgemoor","All","All industries",1096,1176,1233,1251,1298,1349,1463,1542,1647,1648,1709,1665,1683,1704,1849,1825,1954,2053,2108,,,,,
"South West","E07000189","South Somerset","All","All industries",2071,2190,2270,2277,2355,2466,2645,2797,2957,2936,3060,2911,2961,3104,3110,3161,3273,3318,3410,,,,,
"South West","E07000190","Taunton Deane","All","All industries",1334,1412,1501,1556,1621,1710,1851,1991,2156,2161,2244,2207,2197,2209,2270,2260,2443,2426,2495,,,,,
"South West","E07000191","West Somerset","All","All industries",383,402,408,437,450,479,510,555,600,603,617,601,597,580,628,656,652,702,686,,,,,
"South West","E06000052","Cornwall","All","All industries",4747,4831,5166,5496,5876,6474,6657,7147,7396,7623,8074,7725,7813,7929,8379,8585,8732,9070,9435,,,,,
"South West","E06000053","Isles of Scilly","All","All industries",36,36,40,40,42,46,45,47,52,51,52,52,51,56,57,52,55,53,55,,,,,
"South West","E06000026","Plymouth","All","All industries",2987,3070,3221,3285,3399,3505,3791,3962,4174,4295,4269,4098,4296,4465,4692,4893,4958,4950,4999,,,,,
"South West","E06000027","Torbay","All","All industries",1426,1432,1443,1440,1437,1570,1725,1752,1849,1836,1882,1745,1834,1881,1901,1929,1979,1989,1993,,,,,
"South West","E07000040","East Devon","All","All industries",1193,1264,1309,1357,1465,1556,1673,1737,1851,1873,1975,1929,2004,2069,2058,2110,2258,2295,2413,,,,,
"South West","E07000041","Exeter","All","All industries",1942,2094,2140,2278,2439,2596,2885,2969,3130,3251,3314,3442,3445,3274,3424,3763,3730,3855,4082,,,,,
"South West","E07000042","Mid Devon","All","All industries",653,698,717,748,800,842,913,945,1000,1009,1040,1025,1073,1089,1076,1172,1199,1299,1330,,,,,
"South West","E07000043","North Devon","All","All industries",1053,1127,1153,1204,1269,1352,1456,1509,1603,1614,1661,1643,1688,1682,1738,1804,1863,1911,1980,,,,,
"South West","E07000044","South Hams","All","All industries",1001,1061,1091,1152,1212,1306,1383,1450,1526,1537,1598,1539,1616,1651,1643,1761,1831,1908,2010,,,,,
"South West","E07000045","Teignbridge","All","All industries",1187,1253,1288,1335,1441,1540,1645,1712,1810,1818,1869,1851,1926,2000,1977,2109,2194,2289,2413,,,,,
"South West","E07000046","Torridge","All","All industries",545,584,596,619,667,711,769,788,835,836,873,855,932,896,927,944,952,1045,1078,,,,,
"South West","E07000047","West Devon","All","All industries",472,509,517,538,590,622,669,703,751,752,767,743,772,781,800,825,855,899,948,,,,,
"Wales","W06000001","Isle of Anglesey","All","All industries",551,555,612,645,666,709,772,799,832,865,882,863,839,878,907,885,919,930,952,,,,,
"Wales","W06000002","Gwynedd","All","All industries",1302,1271,1314,1384,1575,1701,1734,1852,1992,2016,2045,1945,1920,2065,2171,2241,2247,2295,2352,,,,,
"Wales","W06000003","Conwy","All","All industries",1050,1067,1123,1141,1221,1316,1419,1456,1498,1536,1545,1482,1508,1579,1671,1697,1726,1827,1870,,,,,
"Wales","W06000004","Denbighshire","All","All industries",944,944,1008,1017,1100,1182,1297,1314,1357,1393,1428,1366,1368,1422,1451,1522,1539,1579,1607,,,,,
"Wales","W06000005","Flintshire","All","All industries",2293,2217,2395,2342,2411,2478,2531,2678,2874,2889,2786,2866,3066,3357,3511,3732,3724,3941,4073,,,,,
"Wales","W06000006","Wrexham","All","All industries",1525,1499,1640,1620,1681,1738,1818,1911,2051,2109,2020,2078,2175,2250,2345,2595,2604,2651,2765,,,,,
"Wales","W06000023","Powys","All","All industries",1423,1381,1447,1513,1626,1774,1843,1809,1889,1974,1873,1781,1864,2002,2072,2175,2186,2252,2286,,,,,
"Wales","W06000008","Ceredigion","All","All industries",722,738,760,811,823,927,987,1016,1065,1105,1087,1078,1126,1169,1103,1169,1213,1234,1250,,,,,
"Wales","W06000009","Pembrokeshire","All","All industries",1211,1252,1284,1314,1357,1489,1580,1720,1798,1873,1742,1730,1799,1873,1898,2008,1959,2118,2186,,,,,
"Wales","W06000010","Carmarthenshire","All","All industries",1483,1521,1539,1620,1627,1796,1925,2146,2266,2352,2281,2288,2375,2454,2527,2643,2782,2789,2928,,,,,
"Wales","W06000011","Swansea","All","All industries",2497,2499,2698,2796,2942,3157,3376,3533,3739,3730,3761,3828,3866,4038,4067,4194,4473,4411,4619,,,,,
"Wales","W06000012","Neath Port Talbot","All","All industries",1343,1301,1342,1316,1387,1380,1481,1604,1722,1821,1885,1807,1918,1998,2054,2014,2093,2279,2359,,,,,
"Wales","W06000013","Bridgend","All","All industries",1588,1542,1600,1552,1661,1711,1826,1998,2133,2248,2305,2242,2265,2406,2399,2547,2698,2830,2923,,,,,
"Wales","W06000014","Vale of Glamorgan","All","All industries",1235,1292,1362,1407,1436,1547,1617,1663,1737,1848,1841,1791,1762,1887,1923,2005,1994,2060,2169,,,,,
"Wales","W06000016","Rhondda Cynon Taf","All","All industries",2160,2126,2234,2251,2546,2620,2720,2707,2910,2946,2958,2967,3160,3216,3456,3615,3595,3786,3972,,,,,
"Wales","W06000024","Merthyr Tydfil","All","All industries",518,529,562,583,648,653,691,705,751,761,775,765,787,808,818,886,914,964,997,,,,,
"Wales","W06000018","Caerphilly","All","All industries",1551,1560,1603,1596,1641,1664,1806,1891,2077,2082,2092,2008,2007,2199,2256,2288,2369,2549,2686,,,,,
"Wales","W06000019","Blaenau Gwent","All","All industries",516,533,545,532,543,537,601,636,696,689,696,665,713,744,800,759,750,775,810,,,,,
"Wales","W06000020","Torfaen","All","All industries",946,974,1003,1019,1059,1082,1156,1211,1310,1278,1289,1245,1269,1347,1387,1473,1487,1509,1553,,,,,
"Wales","W06000021","Monmouthshire","All","All industries",1150,1180,1232,1277,1328,1461,1519,1608,1712,1699,1730,1630,1656,1682,1737,1779,1826,1941,1937,,,,,
"Wales","W06000022","Newport","All","All industries",1870,1931,1995,2104,2111,2384,2534,2719,2896,2865,2804,2913,2874,3071,2981,3014,3034,3203,3359,,,,,
"Wales","W06000015","Cardiff","All","All industries",4652,5021,5443,5691,6003,6500,6764,7109,7415,8181,7932,8000,7866,8356,8594,8883,9021,9393,9933,,,,,
"Scotland","S12000005","Clackmannanshire","All","All industries",475,474,561,544,566,624,626,591,638,672,689,706,701,712,684,753,811,889,916,,,,,
"Scotland","S12000006","Dumfries and Galloway","All","All industries",1567,1666,1621,1847,1859,1830,2002,2034,2206,2264,2297,2343,2391,2442,2418,2564,2758,2824,2915,,,,,
"Scotland","S12000008","East Ayrshire","All","All industries",1232,1198,1282,1352,1349,1417,1474,1577,1663,1640,1653,1646,1698,1720,1701,1688,1872,1836,1889,,,,,
"Scotland","S12000010","East Lothian","All","All industries",949,966,974,992,1063,1147,1222,1254,1414,1410,1430,1337,1375,1411,1441,1519,1586,1672,1765,,,,,
"Scotland","S12000011","East Renfrewshire","All","All industries",807,809,825,868,891,918,967,996,1042,1043,1093,1021,997,1032,1031,1119,1178,1234,1302,,,,,
"Scotland","S12000013","Na h-Eileanan Siar","All","All industries",305,340,300,306,322,371,422,435,445,442,435,442,411,437,453,455,460,470,465,,,,,
"Scotland","S12000014","Falkirk","All","All industries",1866,1785,1842,1877,2017,2213,2488,2711,2868,2884,2871,2793,2869,2662,2775,2869,3009,3043,3260,,,,,
"Scotland","S12000015","Fife","All","All industries",3803,3903,4190,4246,4387,4682,4909,5047,5541,5829,6002,5903,5936,5925,6052,6616,6861,7180,7509,,,,,
"Scotland","S12000017","Highland","All","All industries",2649,2715,2868,3055,3146,3513,3819,4009,4159,4308,4474,4362,4394,4675,4803,5063,5229,5281,5472,,,,,
"Scotland","S12000018","Inverclyde","All","All industries",887,887,903,998,994,1036,1122,1203,1260,1308,1342,1316,1304,1305,1232,1284,1471,1418,1518,,,,,
"Scotland","S12000019","Midlothian","All","All industries",690,714,758,780,837,896,957,990,1125,1119,1152,1082,1080,1132,1176,1315,1359,1409,1488,,,,,
"Scotland","S12000020","Moray","All","All industries",977,1011,1047,1133,1198,1327,1402,1558,1599,1694,1804,1842,1833,1972,2029,2102,1957,1988,2083,,,,,
"Scotland","S12000021","North Ayrshire","All","All industries",1537,1475,1502,1543,1502,1565,1628,1709,1826,1779,1808,1795,1757,1775,1820,1878,1986,2063,2078,,,,,
"Scotland","S12000023","Orkney Islands","All","All industries",246,243,245,239,253,280,312,330,326,340,350,363,382,398,408,431,434,446,462,,,,,
"Scotland","S12000024","Perth and Kinross","All","All industries",1980,1943,1957,1967,2091,2147,2361,2470,2697,2842,2862,2991,2938,3090,3286,3549,3585,3710,3882,,,,,
"Scotland","S12000026","Scottish Borders","All","All industries",1103,1208,1199,1259,1287,1344,1463,1515,1640,1706,1756,1680,1744,1813,1806,1945,2019,2072,2096,,,,,
"Scotland","S12000027","Shetland Islands","All","All industries",395,381,384,396,428,439,475,489,454,480,500,509,556,578,594,629,638,668,673,,,,,
"Scotland","S12000028","South Ayrshire","All","All industries",1437,1480,1547,1598,1651,1643,1785,1857,2023,2024,2156,2126,2139,2169,2175,2292,2518,2511,2629,,,,,
"Scotland","S12000029","South Lanarkshire","All","All industries",3530,3582,3767,3952,3985,4268,4545,4881,5260,5130,5258,5125,5052,5220,5348,5746,6008,6074,6224,,,,,
"Scotland","S12000030","Stirling","All","All industries",1153,1173,1199,1231,1300,1363,1498,1595,1706,1788,1830,1815,1831,1774,1946,2037,2073,2272,2370,,,,,
"Scotland","S12000033","Aberdeen City","All","All industries",5218,4998,5498,5971,6308,6341,6603,7138,7889,8821,9862,9950,9789,10203,10939,10977,11429,10841,10607,,,,,
"Scotland","S12000034","Aberdeenshire","All","All industries",3283,3183,3372,3633,3737,3813,4018,4180,4663,5105,5348,5269,5340,5878,6148,6656,7141,7030,6931,,,,,
"Scotland","S12000035","Argyll and Bute","All","All industries",1063,1105,1173,1177,1165,1269,1318,1400,1509,1496,1649,1630,1638,1663,1664,1747,1791,1820,1897,,,,,
"Scotland","S12000036","City of Edinburgh","All","All industries",9028,8921,9707,10513,11354,12343,13087,14255,14733,15720,15950,16775,16155,16452,17101,17863,18434,19065,19942,,,,,
"Scotland","S12000038","Renfrewshire","All","All industries",2852,2733,2775,2884,2880,2951,3052,3239,3366,3358,3525,3436,3360,3367,3338,3494,3673,3921,4051,,,,,
"Scotland","S12000039","West Dunbartonshire","All","All industries",995,945,1045,1046,1103,1159,1169,1253,1364,1403,1493,1437,1403,1495,1503,1544,1589,1647,1635,,,,,
"Scotland","S12000040","West Lothian","All","All industries",2239,2285,2357,2402,2536,2790,2998,3076,3148,3279,3390,3258,3371,3528,3435,3387,3673,3684,3784,,,,,
"Scotland","S12000041","Angus","All","All industries",1302,1317,1322,1339,1390,1480,1549,1603,1773,1847,1828,1728,1848,1866,1843,1986,2052,2103,2167,,,,,
"Scotland","S12000042","Dundee City","All","All industries",1989,2020,2100,2137,2264,2338,2489,2587,2714,2837,2926,2919,2971,2938,2999,3169,3337,3379,3574,,,,,
"Scotland","S12000044","North Lanarkshire","All","All industries",2910,3022,3180,3444,3697,3855,4191,4569,4976,5132,5294,5316,5254,5405,5504,5793,6415,6379,6522,,,,,
"Scotland","S12000045","East Dunbartonshire","All","All industries",914,904,954,972,1035,1071,1058,1129,1239,1267,1297,1239,1200,1285,1369,1406,1516,1503,1561,,,,,
"Scotland","S12000046","Glasgow City","All","All industries",10652,10668,11092,11989,12313,13174,14128,15279,15648,16014,17035,17213,16607,16924,17520,18380,19732,19686,20371,,,,,
"Northern Ireland","N09000001","Antrim and Newtownabbey","All","All industries",1527,1600,1768,1845,1890,2026,2133,2223,2333,2437,2412,2376,2472,2504,2553,2555,2643,2663,2853,,,,,
"Northern Ireland","N09000002","Armagh City, Banbridge and Craigavon","All","All industries",1801,1894,2020,2119,2190,2398,2536,2696,2907,2977,2950,2910,2835,2924,3025,3105,3300,3387,3566,,,,,
"Northern Ireland","N09000003","Belfast","All","All industries",5676,5815,6279,6532,6779,7436,7520,7995,8299,8924,9004,9087,9043,9388,9786,10102,10222,10619,10866,,,,,
"Northern Ireland","N09000004","Causeway Coast and Glens","All","All industries",1196,1278,1372,1446,1502,1597,1649,1785,1902,1961,1906,1811,1819,1835,1904,1942,1992,2057,2078,,,,,
"Northern Ireland","N09000005","Derry City and Strabane","All","All industries",1481,1567,1642,1651,1714,1833,1904,2039,2173,2230,2233,2208,2210,2165,2236,2271,2293,2376,2470,,,,,
"Northern Ireland","N09000006","Fermanagh and Omagh","All","All industries",983,1036,1108,1177,1241,1386,1460,1557,1683,1728,1726,1662,1695,1729,1791,1837,1899,1975,2010,,,,,
"Northern Ireland","N09000007","Lisburn and Castlereagh","All","All industries",1472,1533,1691,1778,1843,1953,2067,2182,2338,2448,2436,2424,2469,2381,2386,2457,2567,2607,2726,,,,,
"Northern Ireland","N09000008","Mid and East Antrim","All","All industries",1782,1852,2062,1954,1973,2173,2251,2437,2490,2530,2684,2567,2386,2467,2647,2776,2852,2979,3009,,,,,
"Northern Ireland","N09000009","Mid Ulster","All","All industries",1220,1254,1385,1445,1524,1718,1810,1991,2134,2205,2144,2031,2141,2209,2300,2343,2397,2630,2792,,,,,
"Northern Ireland","N09000010","Newry, Mourne and Down","All","All industries",1431,1505,1644,1724,1789,1971,2052,2192,2362,2416,2388,2283,2342,2399,2465,2481,2626,2670,2758,,,,,
"Northern Ireland","N09000011","Ards and North Down","All","All industries",1235,1296,1396,1476,1511,1600,1676,1755,1872,1952,1954,1887,1872,1932,1929,1973,2027,2059,2108,,,,,
,,,,,,,,,,,,,,,,,,,,,,,,38175,38905,39648,40048,40571
